gender,math score,reading score,writing score,race/ethnicity_group A,race/ethnicity_group B,race/ethnicity_group C,race/ethnicity_group D,race/ethnicity_group E,parental level of education_associate's degree,parental level of education_bachelor's degree,parental level of education_high school,parental level of education_master's degree,parental level of education_some college,parental level of education_some high school,lunch_free/reduced,lunch_standard,test preparation course_completed,test preparation course_none
True,72,72,74,0,1,0,0,0,0,1,0,0,0,0,0,1,0,1
True,69,90,88,0,0,1,0,0,0,0,0,0,1,0,0,1,1,0
True,90,95,93,0,1,0,0,0,0,0,0,1,0,0,0,1,0,1
False,47,57,44,1,0,0,0,0,1,0,0,0,0,0,1,0,0,1
False,76,78,75,0,0,1,0,0,0,0,0,0,1,0,0,1,0,1
True,71,83,78,0,1,0,0,0,1,0,0,0,0,0,0,1,0,1
True,88,95,92,0,1,0,0,0,0,0,0,0,1,0,0,1,1,0
False,40,43,39,0,1,0,0,0,0,0,0,0,1,0,1,0,0,1
False,64,64,67,0,0,0,1,0,0,0,1,0,0,0,1,0,1,0
True,38,60,50,0,1,0,0,0,0,0,1,0,0,0,1,0,0,1
False,58,54,52,0,0,1,0,0,1,0,0,0,0,0,0,1,0,1
False,40,52,43,0,0,0,1,0,1,0,0,0,0,0,0,1,0,1
True,65,81,73,0,1,0,0,0,0,0,1,0,0,0,0,1,0,1
False,78,72,70,1,0,0,0,0,0,0,0,0,1,0,0,1,1,0
True,50,53,58,1,0,0,0,0,0,0,0,1,0,0,0,1,0,1
True,69,75,78,0,0,1,0,0,0,0,0,0,0,1,0,1,0,1
False,88,89,86,0,0,1,0,0,0,0,1,0,0,0,0,1,0,1
True,18,32,28,0,1,0,0,0,0,0,0,0,0,1,1,0,0,1
False,46,42,46,0,0,1,0,0,0,0,0,1,0,0,1,0,1,0
True,54,58,61,0,0,1,0,0,1,0,0,0,0,0,1,0,0,1
False,66,69,63,0,0,0,1,0,0,0,1,0,0,0,0,1,0,1
True,65,75,70,0,1,0,0,0,0,0,0,0,1,0,1,0,1,0
False,44,54,53,0,0,0,1,0,0,0,0,0,1,0,0,1,0,1
True,69,73,73,0,0,1,0,0,0,0,0,0,0,1,0,1,0,1
False,74,71,80,0,0,0,1,0,0,1,0,0,0,0,1,0,1,0
False,73,74,72,1,0,0,0,0,0,0,0,1,0,0,1,0,0,1
False,69,54,55,0,1,0,0,0,0,0,0,0,1,0,0,1,0,1
True,67,69,75,0,0,1,0,0,0,1,0,0,0,0,0,1,0,1
False,70,70,65,0,0,1,0,0,0,0,1,0,0,0,0,1,0,1
True,62,70,75,0,0,0,1,0,0,0,0,1,0,0,0,1,0,1
True,69,74,74,0,0,0,1,0,0,0,0,0,1,0,0,1,0,1
True,63,65,61,0,1,0,0,0,0,0,0,0,1,0,0,1,0,1
True,56,72,65,0,0,0,0,1,0,0,0,1,0,0,1,0,0,1
False,40,42,38,0,0,0,1,0,0,0,0,0,1,0,0,1,0,1
False,97,87,82,0,0,0,0,1,0,0,0,0,1,0,0,1,0,1
False,81,81,79,0,0,0,0,1,1,0,0,0,0,0,0,1,1,0
True,74,81,83,0,0,0,1,0,1,0,0,0,0,0,0,1,0,1
True,50,64,59,0,0,0,1,0,0,0,0,0,0,1,1,0,0,1
True,75,90,88,0,0,0,1,0,1,0,0,0,0,0,1,0,1,0
False,57,56,57,0,1,0,0,0,1,0,0,0,0,0,1,0,0,1
False,55,61,54,0,0,1,0,0,1,0,0,0,0,0,1,0,0,1
True,58,73,68,0,0,1,0,0,1,0,0,0,0,0,0,1,0,1
True,53,58,65,0,1,0,0,0,1,0,0,0,0,0,0,1,0,1
False,59,65,66,0,1,0,0,0,0,0,0,0,1,0,1,0,1,0
True,50,56,54,0,0,0,0,1,1,0,0,0,0,0,1,0,0,1
False,65,54,57,0,1,0,0,0,1,0,0,0,0,0,0,1,0,1
True,55,65,62,1,0,0,0,0,1,0,0,0,0,0,0,1,1,0
True,66,71,76,0,0,1,0,0,0,0,1,0,0,0,0,1,0,1
True,57,74,76,0,0,0,1,0,1,0,0,0,0,0,1,0,1,0
False,82,84,82,0,0,1,0,0,0,0,1,0,0,0,0,1,1,0
False,53,55,48,0,0,0,0,1,0,0,0,0,1,0,0,1,0,1
False,77,69,68,0,0,0,0,1,1,0,0,0,0,0,1,0,1,0
False,53,44,42,0,0,1,0,0,0,0,0,0,1,0,0,1,0,1
False,88,78,75,0,0,0,1,0,0,0,1,0,0,0,0,1,0,1
True,71,84,87,0,0,1,0,0,0,0,0,0,0,1,1,0,1,0
True,33,41,43,0,0,1,0,0,0,0,1,0,0,0,1,0,0,1
True,82,85,86,0,0,0,0,1,1,0,0,0,0,0,0,1,1,0
False,52,55,49,0,0,0,1,0,1,0,0,0,0,0,0,1,0,1
False,58,59,58,0,0,0,1,0,0,0,0,0,1,0,0,1,1,0
True,0,17,10,0,0,1,0,0,0,0,0,0,0,1,1,0,0,1
False,79,74,72,0,0,0,0,1,0,1,0,0,0,0,1,0,1,0
False,39,39,34,1,0,0,0,0,0,0,0,0,0,1,1,0,0,1
False,62,61,55,1,0,0,0,0,1,0,0,0,0,0,1,0,0,1
True,69,80,71,0,0,1,0,0,1,0,0,0,0,0,0,1,0,1
True,59,58,59,0,0,0,1,0,0,0,0,0,0,1,0,1,0,1
False,67,64,61,0,1,0,0,0,0,0,0,0,0,1,0,1,0,1
False,45,37,37,0,0,0,1,0,0,0,0,0,0,1,1,0,0,1
True,60,72,74,0,0,1,0,0,0,0,0,0,1,0,0,1,0,1
False,61,58,56,0,1,0,0,0,1,0,0,0,0,0,1,0,0,1
True,39,64,57,0,0,1,0,0,1,0,0,0,0,0,0,1,0,1
True,58,63,73,0,0,0,1,0,0,0,0,0,1,0,1,0,1,0
False,63,55,63,0,0,0,1,0,0,0,0,0,1,0,0,1,1,0
True,41,51,48,1,0,0,0,0,1,0,0,0,0,0,1,0,0,1
False,61,57,56,0,0,1,0,0,0,0,0,0,0,1,1,0,0,1
False,49,49,41,0,0,1,0,0,0,0,0,0,0,1,0,1,0,1
False,44,41,38,0,1,0,0,0,1,0,0,0,0,0,1,0,0,1
False,30,26,22,0,0,0,0,1,0,0,0,0,0,1,0,1,0,1
False,80,78,81,1,0,0,0,0,0,1,0,0,0,0,0,1,1,0
True,61,74,72,0,0,0,1,0,0,0,0,0,0,1,0,1,1,0
True,62,68,68,0,0,0,0,1,0,0,0,1,0,0,0,1,0,1
True,47,49,50,0,1,0,0,0,1,0,0,0,0,0,0,1,0,1
False,49,45,45,0,1,0,0,0,0,0,1,0,0,0,1,0,0,1
False,50,47,54,1,0,0,0,0,0,0,0,0,1,0,1,0,1,0
False,72,64,63,0,0,0,0,1,1,0,0,0,0,0,0,1,0,1
False,42,39,34,0,0,0,1,0,0,0,1,0,0,0,1,0,0,1
True,73,80,82,0,0,1,0,0,0,0,0,0,1,0,0,1,0,1
True,76,83,88,0,0,1,0,0,0,0,0,0,1,0,1,0,0,1
True,71,71,74,0,0,0,1,0,1,0,0,0,0,0,0,1,0,1
True,58,70,67,1,0,0,0,0,0,0,0,0,1,0,0,1,0,1
True,73,86,82,0,0,0,1,0,0,0,0,0,0,1,0,1,0,1
True,65,72,74,0,0,1,0,0,0,1,0,0,0,0,0,1,0,1
False,27,34,36,0,0,1,0,0,0,0,1,0,0,0,1,0,0,1
False,71,79,71,0,0,1,0,0,0,0,1,0,0,0,0,1,0,1
False,43,45,50,0,0,1,0,0,1,0,0,0,0,0,1,0,1,0
True,79,86,92,0,1,0,0,0,0,0,0,0,1,0,0,1,0,1
False,78,81,82,0,0,1,0,0,1,0,0,0,0,0,1,0,1,0
False,65,66,62,0,1,0,0,0,0,0,0,0,0,1,0,1,1,0
True,63,72,70,0,0,0,0,1,0,0,0,0,1,0,0,1,1,0
True,58,67,62,0,0,0,1,0,0,0,0,0,1,0,1,0,0,1
True,65,67,62,0,0,0,1,0,0,1,0,0,0,0,0,1,0,1
False,79,67,67,0,1,0,0,0,0,0,0,0,1,0,0,1,0,1
False,68,74,74,0,0,0,1,0,0,1,0,0,0,0,0,1,1,0
True,85,91,89,0,0,0,1,0,1,0,0,0,0,0,0,1,0,1
False,60,44,47,0,1,0,0,0,0,0,1,0,0,0,0,1,1,0
False,98,86,90,0,0,1,0,0,0,0,0,0,1,0,0,1,1,0
True,58,67,72,0,0,1,0,0,0,0,0,0,1,0,0,1,0,1
True,87,100,100,0,0,0,1,0,0,0,0,1,0,0,0,1,0,1
False,66,63,64,0,0,0,0,1,1,0,0,0,0,0,0,1,1,0
True,52,76,70,0,1,0,0,0,1,0,0,0,0,0,1,0,0,1
True,70,64,72,0,1,0,0,0,0,0,0,0,0,1,0,1,0,1
True,77,89,98,0,0,0,1,0,1,0,0,0,0,0,1,0,1,0
False,62,55,49,0,0,1,0,0,0,0,1,0,0,0,0,1,0,1
False,54,53,47,1,0,0,0,0,1,0,0,0,0,0,0,1,0,1
True,51,58,54,0,0,0,1,0,0,0,0,0,1,0,0,1,0,1
True,99,100,100,0,0,0,0,1,0,1,0,0,0,0,0,1,1,0
False,84,77,74,0,0,1,0,0,0,0,1,0,0,0,0,1,0,1
True,75,85,82,0,1,0,0,0,0,1,0,0,0,0,1,0,0,1
True,78,82,79,0,0,0,1,0,0,1,0,0,0,0,0,1,0,1
True,51,63,61,0,0,0,1,0,0,0,0,0,0,1,0,1,0,1
True,55,69,65,0,0,1,0,0,0,0,0,0,1,0,0,1,0,1
True,79,92,89,0,0,1,0,0,0,1,0,0,0,0,0,1,1,0
False,91,89,92,0,1,0,0,0,1,0,0,0,0,0,0,1,1,0
True,88,93,93,0,0,1,0,0,0,0,0,0,1,0,0,1,1,0
False,63,57,56,0,0,0,1,0,0,0,1,0,0,0,1,0,0,1
False,83,80,73,0,0,0,0,1,0,0,0,0,1,0,0,1,0,1
True,87,95,86,0,1,0,0,0,0,0,1,0,0,0,0,1,0,1
False,72,68,67,0,1,0,0,0,0,0,0,0,0,1,0,1,0,1
False,65,77,74,0,0,0,1,0,0,0,0,0,1,0,0,1,1,0
False,82,82,74,0,0,0,1,0,0,0,0,1,0,0,0,1,0,1
True,51,49,51,1,0,0,0,0,0,1,0,0,0,0,0,1,0,1
False,89,84,82,0,0,0,1,0,0,0,0,1,0,0,0,1,0,1
False,53,37,40,0,0,1,0,0,0,0,0,0,0,1,1,0,1,0
False,87,74,70,0,0,0,0,1,0,0,0,0,1,0,1,0,1,0
True,75,81,84,0,0,1,0,0,0,0,0,0,1,0,0,1,1,0
False,74,79,75,0,0,0,1,0,0,1,0,0,0,0,1,0,1,0
False,58,55,48,0,0,1,0,0,0,1,0,0,0,0,0,1,0,1
False,51,54,41,0,1,0,0,0,0,0,0,0,0,1,0,1,1,0
False,70,55,56,0,0,0,0,1,0,0,1,0,0,0,0,1,0,1
True,59,66,67,0,0,1,0,0,1,0,0,0,0,0,0,1,0,1
False,71,61,69,0,0,0,1,0,0,0,0,0,1,0,0,1,1,0
True,76,72,71,0,0,0,1,0,0,0,0,0,0,1,0,1,0,1
True,59,62,64,0,0,1,0,0,0,0,0,0,1,0,1,0,0,1
True,42,55,54,0,0,0,0,1,0,0,0,0,1,0,1,0,1,0
False,57,43,47,1,0,0,0,0,0,0,1,0,0,0,0,1,0,1
False,88,73,78,0,0,0,1,0,0,0,0,0,1,0,0,1,0,1
True,22,39,33,0,0,1,0,0,0,0,0,0,1,0,1,0,0,1
False,88,84,75,0,1,0,0,0,0,0,0,0,0,1,0,1,0,1
False,73,68,66,0,0,1,0,0,1,0,0,0,0,0,1,0,0,1
True,68,75,81,0,0,0,1,0,0,1,0,0,0,0,0,1,1,0
False,100,100,93,0,0,0,0,1,1,0,0,0,0,0,1,0,1,0
False,62,67,69,1,0,0,0,0,0,0,0,0,0,1,0,1,1,0
False,77,67,68,1,0,0,0,0,0,1,0,0,0,0,0,1,0,1
True,59,70,66,0,1,0,0,0,1,0,0,0,0,0,0,1,1,0
False,54,49,47,0,0,0,1,0,0,1,0,0,0,0,0,1,0,1
False,62,67,61,0,0,0,1,0,0,0,0,0,0,1,0,1,0,1
True,70,89,88,0,0,1,0,0,0,0,0,0,1,0,0,1,1,0
True,66,74,78,0,0,0,0,1,0,0,1,0,0,0,1,0,1,0
False,60,60,60,0,1,0,0,0,0,0,0,0,1,0,1,0,0,1
True,61,86,87,0,1,0,0,0,1,0,0,0,0,0,0,1,1,0
False,66,62,64,0,0,0,1,0,1,0,0,0,0,0,1,0,0,1
False,82,78,74,0,1,0,0,0,1,0,0,0,0,0,1,0,1,0
True,75,88,85,0,0,0,0,1,0,0,0,0,1,0,1,0,1,0
False,49,53,52,0,1,0,0,0,0,0,0,1,0,0,1,0,0,1
False,52,53,49,0,0,1,0,0,0,0,1,0,0,0,0,1,0,1
True,81,92,91,0,0,0,0,1,0,0,0,1,0,0,0,1,0,1
True,96,100,100,0,0,1,0,0,0,1,0,0,0,0,0,1,1,0
False,53,51,51,0,0,1,0,0,0,0,1,0,0,0,1,0,1,0
True,58,76,78,0,1,0,0,0,0,0,0,1,0,0,1,0,1,0
True,68,83,78,0,1,0,0,0,0,0,1,0,0,0,0,1,1,0
True,67,75,70,0,0,1,0,0,0,0,0,0,1,0,1,0,1,0
False,72,73,74,1,0,0,0,0,0,0,1,0,0,0,0,1,1,0
False,94,88,78,0,0,0,0,1,0,0,0,0,0,1,0,1,0,1
True,79,86,81,0,0,0,1,0,0,0,0,0,1,0,0,1,0,1
True,63,67,70,0,0,1,0,0,1,0,0,0,0,0,0,1,0,1
True,43,51,54,0,0,1,0,0,0,1,0,0,0,0,1,0,1,0
True,81,91,87,0,0,1,0,0,0,0,0,1,0,0,0,1,1,0
True,46,54,58,0,1,0,0,0,0,0,1,0,0,0,1,0,1,0
True,71,77,77,0,0,1,0,0,1,0,0,0,0,0,0,1,1,0
True,52,70,62,0,1,0,0,0,0,0,0,1,0,0,1,0,1,0
True,97,100,100,0,0,0,1,0,0,0,0,0,0,1,0,1,1,0
False,62,68,75,0,0,1,0,0,0,0,0,1,0,0,1,0,1,0
True,46,64,66,0,0,1,0,0,0,0,0,0,1,0,1,0,0,1
True,50,50,47,0,0,0,0,1,0,0,1,0,0,0,0,1,0,1
True,65,69,70,0,0,0,1,0,1,0,0,0,0,0,0,1,0,1
False,45,52,49,0,0,1,0,0,0,0,0,0,0,1,1,0,1,0
False,65,67,65,0,0,1,0,0,1,0,0,0,0,0,1,0,1,0
False,80,76,65,0,0,0,0,1,0,0,1,0,0,0,0,1,0,1
False,62,66,68,0,0,0,1,0,0,0,0,0,0,1,0,1,1,0
False,48,52,45,0,1,0,0,0,0,0,0,0,0,1,1,0,0,1
True,77,88,87,0,0,1,0,0,0,1,0,0,0,0,0,1,0,1
True,66,65,69,0,0,0,0,1,1,0,0,0,0,0,0,1,0,1
False,76,83,79,0,0,0,1,0,0,0,0,0,1,0,0,1,1,0
True,62,64,66,0,1,0,0,0,0,0,0,0,0,1,0,1,0,1
False,77,62,62,0,0,0,1,0,0,0,0,0,1,0,0,1,1,0
True,69,84,85,0,0,1,0,0,0,0,0,1,0,0,0,1,1,0
False,61,55,52,0,0,0,1,0,1,0,0,0,0,0,0,1,0,1
False,59,69,65,0,0,1,0,0,0,0,0,0,0,1,1,0,1,0
False,55,56,51,0,0,0,0,1,0,0,1,0,0,0,1,0,0,1
True,45,53,55,0,1,0,0,0,0,0,0,0,1,0,1,0,0,1
True,78,79,76,0,1,0,0,0,0,1,0,0,0,0,1,0,0,1
True,67,84,86,0,0,1,0,0,1,0,0,0,0,0,0,1,1,0
True,65,81,77,0,0,0,1,0,0,0,0,0,1,0,1,0,0,1
False,69,77,69,0,0,1,0,0,1,0,0,0,0,0,0,1,0,1
True,57,69,68,0,1,0,0,0,1,0,0,0,0,0,0,1,0,1
False,59,41,42,0,0,1,0,0,0,0,0,0,1,0,0,1,0,1
False,74,71,78,0,0,0,1,0,0,0,0,0,0,1,0,1,1,0
False,82,62,62,0,0,0,0,1,0,1,0,0,0,0,0,1,0,1
False,81,80,76,0,0,0,0,1,0,0,1,0,0,0,0,1,1,0
True,74,81,76,0,1,0,0,0,0,0,0,0,1,0,1,0,0,1
True,58,61,66,0,1,0,0,0,0,0,0,0,1,0,1,0,0,1
False,80,79,79,0,0,0,1,0,0,0,0,0,0,1,1,0,1,0
False,35,28,27,0,0,1,0,0,0,0,0,0,1,0,1,0,0,1
True,42,62,60,0,0,1,0,0,0,0,1,0,0,0,1,0,0,1
False,60,51,56,0,0,1,0,0,1,0,0,0,0,0,1,0,1,0
False,87,91,81,0,0,0,0,1,0,0,1,0,0,0,0,1,1,0
False,84,83,75,0,1,0,0,0,0,0,0,0,0,1,0,1,1,0
True,83,86,88,0,0,0,0,1,1,0,0,0,0,0,1,0,1,0
True,34,42,39,0,0,1,0,0,0,0,1,0,0,0,1,0,0,1
False,66,77,70,0,1,0,0,0,0,0,1,0,0,0,1,0,0,1
False,61,56,56,0,1,0,0,0,0,0,0,0,0,1,0,1,1,0
True,56,68,74,0,0,0,1,0,0,0,1,0,0,0,0,1,1,0
False,87,85,73,0,1,0,0,0,1,0,0,0,0,0,0,1,0,1
True,55,65,62,0,0,1,0,0,0,0,0,0,0,1,1,0,0,1
False,86,80,75,0,0,0,1,0,0,0,0,0,0,1,0,1,0,1
True,52,66,73,0,1,0,0,0,1,0,0,0,0,0,0,1,1,0
True,45,56,54,0,0,0,0,1,0,0,0,1,0,0,1,0,0,1
True,72,72,71,0,0,1,0,0,0,0,0,0,1,0,0,1,0,1
False,57,50,54,0,0,0,1,0,0,0,1,0,0,0,0,1,0,1
False,68,72,64,1,0,0,0,0,0,0,0,0,0,1,1,0,0,1
True,88,95,94,0,0,1,0,0,0,0,0,0,1,0,0,1,1,0
False,76,64,66,0,0,0,1,0,0,0,0,0,1,0,0,1,0,1
False,46,43,42,0,0,1,0,0,1,0,0,0,0,0,0,1,0,1
True,67,86,83,0,1,0,0,0,0,1,0,0,0,0,0,1,0,1
False,92,87,78,0,0,0,0,1,0,0,0,0,0,1,0,1,0,1
False,83,82,84,0,0,1,0,0,0,1,0,0,0,0,0,1,1,0
False,80,75,77,0,0,0,1,0,1,0,0,0,0,0,0,1,0,1
False,63,66,67,0,0,0,1,0,0,1,0,0,0,0,1,0,0,1
True,64,60,74,0,0,0,1,0,0,0,0,0,0,1,0,1,1,0
False,54,52,51,0,1,0,0,0,0,0,0,0,1,0,0,1,0,1
False,84,80,80,0,0,1,0,0,1,0,0,0,0,0,0,1,0,1
False,73,68,66,0,0,0,1,0,0,0,1,0,0,0,1,0,1,0
True,80,83,83,0,0,0,0,1,0,1,0,0,0,0,0,1,0,1
True,56,52,55,0,0,0,1,0,0,0,1,0,0,0,0,1,0,1
False,59,51,43,0,0,0,0,1,0,0,0,0,1,0,0,1,0,1
False,75,74,69,0,0,0,1,0,0,0,0,0,0,1,0,1,0,1
False,85,76,71,0,0,1,0,0,1,0,0,0,0,0,0,1,0,1
False,89,76,74,0,0,0,0,1,1,0,0,0,0,0,0,1,0,1
True,58,70,68,0,1,0,0,0,0,0,1,0,0,0,0,1,1,0
True,65,64,62,0,1,0,0,0,0,0,1,0,0,0,0,1,0,1
False,68,60,53,0,0,1,0,0,0,0,1,0,0,0,0,1,0,1
False,47,49,49,1,0,0,0,0,0,0,0,0,0,1,0,1,1,0
True,71,83,83,0,0,0,1,0,0,0,0,0,1,0,1,0,0,1
True,60,70,70,0,1,0,0,0,0,0,0,0,0,1,0,1,1,0
False,80,80,72,0,0,0,1,0,0,0,0,1,0,0,0,1,0,1
False,54,52,52,0,0,0,1,0,0,0,1,0,0,0,0,1,0,1
True,62,73,70,0,0,0,0,1,0,0,0,0,1,0,0,1,0,1
True,64,73,68,0,0,1,0,0,1,0,0,0,0,0,1,0,0,1
False,78,77,77,0,0,1,0,0,1,0,0,0,0,0,0,1,1,0
True,70,75,78,0,1,0,0,0,0,0,0,0,1,0,0,1,0,1
True,65,81,81,0,0,1,0,0,0,0,0,1,0,0,1,0,1,0
True,64,79,77,0,0,1,0,0,0,0,0,0,0,1,1,0,1,0
False,79,79,78,0,0,1,0,0,0,0,0,0,1,0,0,1,1,0
True,44,50,51,0,0,1,0,0,0,0,0,0,0,1,1,0,0,1
True,99,93,90,0,0,0,0,1,0,0,1,0,0,0,0,1,0,1
False,76,73,68,0,0,0,1,0,0,0,1,0,0,0,0,1,0,1
False,59,42,41,0,0,0,1,0,0,0,0,0,0,1,1,0,0,1
True,63,75,81,0,0,1,0,0,0,1,0,0,0,0,0,1,0,1
True,69,72,77,0,0,0,1,0,0,0,1,0,0,0,0,1,0,1
True,88,92,95,0,0,0,1,0,1,0,0,0,0,0,0,1,1,0
True,71,76,70,0,0,0,0,1,0,0,0,0,1,0,1,0,0,1
False,69,63,61,0,0,1,0,0,0,1,0,0,0,0,0,1,0,1
False,58,49,42,0,0,1,0,0,0,0,0,0,1,0,0,1,0,1
True,47,53,58,0,0,0,1,0,1,0,0,0,0,0,1,0,0,1
True,65,70,71,0,0,0,1,0,0,0,0,0,1,0,0,1,0,1
False,88,85,76,0,1,0,0,0,0,0,0,0,1,0,0,1,1,0
False,83,78,73,0,0,1,0,0,0,1,0,0,0,0,0,1,0,1
True,85,92,93,0,0,1,0,0,0,0,0,0,0,1,0,1,1,0
True,59,63,75,0,0,0,0,1,0,0,1,0,0,0,0,1,1,0
True,65,86,80,0,0,1,0,0,0,0,0,0,0,1,1,0,0,1
False,73,56,57,0,1,0,0,0,0,1,0,0,0,0,1,0,0,1
False,53,52,42,0,0,0,1,0,0,0,1,0,0,0,0,1,0,1
False,45,48,46,0,0,0,1,0,0,0,1,0,0,0,0,1,0,1
True,73,79,84,0,0,0,1,0,0,1,0,0,0,0,1,0,0,1
True,70,78,78,0,0,0,1,0,0,0,0,0,1,0,1,0,1,0
True,37,46,46,0,1,0,0,0,0,0,0,0,0,1,0,1,0,1
False,81,82,82,0,1,0,0,0,1,0,0,0,0,0,0,1,1,0
False,97,82,88,0,0,0,0,1,1,0,0,0,0,0,0,1,1,0
True,67,89,82,0,1,0,0,0,0,0,0,0,0,1,0,1,0,1
False,88,75,76,0,1,0,0,0,0,1,0,0,0,0,1,0,0,1
False,77,76,77,0,0,0,0,1,0,0,0,0,0,1,0,1,1,0
False,76,70,68,0,0,1,0,0,1,0,0,0,0,0,0,1,0,1
False,86,73,70,0,0,0,1,0,0,0,0,0,0,1,0,1,0,1
False,63,60,57,0,0,1,0,0,0,0,0,0,0,1,0,1,1,0
True,65,73,75,0,0,0,0,1,0,1,0,0,0,0,0,1,0,1
False,78,77,80,0,0,0,1,0,0,0,1,0,0,0,1,0,1,0
False,67,62,60,0,1,0,0,0,1,0,0,0,0,0,1,0,0,1
False,46,41,43,1,0,0,0,0,0,0,0,0,0,1,0,1,1,0
False,71,74,68,0,0,0,0,1,1,0,0,0,0,0,0,1,1,0
False,40,46,50,0,0,1,0,0,0,0,1,0,0,0,1,0,1,0
False,90,87,75,0,0,0,1,0,1,0,0,0,0,0,1,0,0,1
False,81,78,81,1,0,0,0,0,0,0,0,0,1,0,1,0,1,0
False,56,54,52,0,0,0,1,0,0,0,0,0,0,1,1,0,0,1
True,67,84,81,0,0,1,0,0,1,0,0,0,0,0,0,1,1,0
False,80,76,64,0,1,0,0,0,1,0,0,0,0,0,0,1,0,1
True,74,75,83,0,0,1,0,0,1,0,0,0,0,0,0,1,1,0
False,69,67,69,1,0,0,0,0,0,0,0,0,1,0,0,1,0,1
False,99,87,81,0,0,0,0,1,0,0,0,0,1,0,0,1,1,0
False,51,52,44,0,0,1,0,0,0,0,0,0,0,1,0,1,0,1
True,53,71,67,0,1,0,0,0,1,0,0,0,0,0,1,0,0,1
True,49,57,52,0,0,0,1,0,0,0,1,0,0,0,1,0,0,1
True,73,76,80,0,1,0,0,0,1,0,0,0,0,0,0,1,0,1
False,66,60,57,0,1,0,0,0,0,1,0,0,0,0,0,1,0,1
False,67,61,68,0,0,0,1,0,0,1,0,0,0,0,0,1,1,0
True,68,67,69,0,0,1,0,0,1,0,0,0,0,0,1,0,1,0
True,59,64,75,0,0,1,0,0,0,1,0,0,0,0,0,1,1,0
False,71,66,65,0,0,1,0,0,0,0,1,0,0,0,0,1,0,1
True,77,82,91,0,0,0,1,0,0,0,0,1,0,0,0,1,1,0
False,83,72,78,0,0,1,0,0,1,0,0,0,0,0,0,1,0,1
False,63,71,69,0,1,0,0,0,0,1,0,0,0,0,0,1,0,1
True,56,65,63,0,0,0,1,0,1,0,0,0,0,0,1,0,0,1
True,67,79,84,0,0,1,0,0,0,0,1,0,0,0,1,0,1,0
True,75,86,79,0,0,0,0,1,0,0,1,0,0,0,0,1,0,1
True,71,81,80,0,0,1,0,0,0,0,0,0,1,0,0,1,0,1
True,43,53,53,0,0,1,0,0,0,0,0,0,0,1,1,0,0,1
True,41,46,43,0,0,1,0,0,0,0,1,0,0,0,1,0,0,1
True,82,90,94,0,0,1,0,0,0,0,0,0,1,0,0,1,0,1
False,61,61,62,0,0,1,0,0,0,0,0,0,1,0,0,1,0,1
False,28,23,19,1,0,0,0,0,0,0,0,0,1,0,1,0,0,1
False,82,75,77,0,0,1,0,0,1,0,0,0,0,0,0,1,1,0
True,41,55,51,0,1,0,0,0,0,0,0,0,0,1,0,1,0,1
False,71,60,61,0,0,1,0,0,0,0,1,0,0,0,0,1,0,1
False,47,37,35,0,0,1,0,0,1,0,0,0,0,0,0,1,0,1
False,62,56,53,0,0,0,0,1,1,0,0,0,0,0,0,1,1,0
False,90,78,81,0,1,0,0,0,1,0,0,0,0,0,0,1,0,1
True,83,93,95,0,0,1,0,0,0,1,0,0,0,0,0,1,0,1
True,61,68,66,0,1,0,0,0,0,0,0,0,1,0,1,0,0,1
False,76,70,69,0,0,0,1,0,0,0,0,0,0,1,0,1,1,0
False,49,51,43,0,0,1,0,0,1,0,0,0,0,0,0,1,0,1
True,24,38,27,0,1,0,0,0,0,0,0,0,0,1,1,0,0,1
True,35,55,60,0,0,0,1,0,0,0,0,0,0,1,1,0,1,0
False,58,61,52,0,0,1,0,0,0,0,1,0,0,0,1,0,0,1
True,61,73,63,0,0,1,0,0,0,0,1,0,0,0,0,1,0,1
True,69,76,74,0,1,0,0,0,0,0,1,0,0,0,0,1,1,0
False,67,72,67,0,0,0,1,0,1,0,0,0,0,0,0,1,1,0
False,79,73,67,0,0,0,1,0,0,0,0,0,1,0,0,1,0,1
True,72,80,75,0,0,1,0,0,0,0,1,0,0,0,0,1,0,1
False,62,61,57,0,1,0,0,0,0,0,0,0,1,0,0,1,0,1
True,77,94,95,0,0,1,0,0,0,1,0,0,0,0,0,1,1,0
False,75,74,66,0,0,0,1,0,0,0,1,0,0,0,1,0,0,1
False,87,74,76,0,0,0,0,1,1,0,0,0,0,0,0,1,0,1
True,52,65,69,0,1,0,0,0,0,1,0,0,0,0,0,1,0,1
False,66,57,52,0,0,0,0,1,0,0,0,0,1,0,0,1,0,1
True,63,78,80,0,0,1,0,0,0,0,0,0,1,0,0,1,1,0
True,46,58,57,0,0,1,0,0,1,0,0,0,0,0,0,1,0,1
True,59,71,70,0,0,1,0,0,0,0,0,0,1,0,0,1,0,1
True,61,72,70,0,1,0,0,0,0,1,0,0,0,0,0,1,0,1
False,63,61,61,1,0,0,0,0,1,0,0,0,0,0,0,1,0,1
True,42,66,69,0,0,1,0,0,0,0,0,0,1,0,1,0,1,0
False,59,62,61,0,0,0,1,0,0,0,0,0,1,0,1,0,0,1
True,80,90,89,0,0,0,1,0,0,0,0,0,1,0,0,1,0,1
True,58,62,59,0,1,0,0,0,0,0,1,0,0,0,0,1,0,1
False,85,84,78,0,1,0,0,0,0,0,0,0,0,1,0,1,1,0
True,52,58,58,0,0,1,0,0,0,0,0,0,1,0,0,1,0,1
True,27,34,32,0,0,0,1,0,0,0,0,0,0,1,1,0,0,1
False,59,60,58,0,0,1,0,0,0,0,0,0,1,0,0,1,0,1
False,49,58,60,1,0,0,0,0,0,1,0,0,0,0,1,0,1,0
False,69,58,53,0,0,1,0,0,0,0,1,0,0,0,0,1,1,0
False,61,66,61,0,0,1,0,0,0,1,0,0,0,0,1,0,0,1
True,44,64,58,1,0,0,0,0,0,0,0,0,0,1,1,0,0,1
True,73,84,85,0,0,0,1,0,0,0,0,0,0,1,0,1,0,1
False,84,77,71,0,0,0,0,1,0,0,0,0,1,0,0,1,0,1
True,45,73,70,0,0,1,0,0,0,0,0,0,1,0,1,0,1,0
False,74,74,72,0,0,0,1,0,0,0,0,0,0,1,0,1,0,1
True,82,97,96,0,0,0,1,0,0,0,0,0,1,0,0,1,1,0
True,59,70,73,0,0,0,1,0,0,1,0,0,0,0,0,1,0,1
False,46,43,41,0,0,0,0,1,1,0,0,0,0,0,1,0,0,1
True,80,90,82,0,0,0,1,0,0,0,0,0,0,1,0,1,0,1
True,85,95,100,0,0,0,1,0,0,0,0,1,0,0,1,0,1,0
True,71,83,77,1,0,0,0,0,0,0,0,0,0,1,0,1,0,1
False,66,64,62,1,0,0,0,0,0,1,0,0,0,0,0,1,0,1
True,80,86,83,0,1,0,0,0,1,0,0,0,0,0,0,1,0,1
False,87,100,95,0,0,1,0,0,1,0,0,0,0,0,0,1,1,0
False,79,81,71,0,0,1,0,0,0,0,0,1,0,0,1,0,0,1
True,38,49,45,0,0,0,0,1,0,0,0,0,0,1,1,0,0,1
True,38,43,43,1,0,0,0,0,0,0,0,0,0,1,1,0,0,1
True,67,76,75,0,0,0,0,1,0,0,0,0,1,0,0,1,0,1
True,64,73,70,0,0,0,0,1,0,1,0,0,0,0,0,1,0,1
True,57,78,67,0,0,1,0,0,1,0,0,0,0,0,1,0,0,1
True,62,64,64,0,0,0,1,0,0,0,1,0,0,0,0,1,0,1
False,73,70,75,0,0,0,1,0,0,0,0,1,0,0,0,1,0,1
False,73,67,59,0,0,0,0,1,0,0,0,0,0,1,1,0,1,0
True,77,68,77,0,0,0,1,0,0,0,0,0,1,0,0,1,0,1
False,76,67,67,0,0,0,0,1,0,0,0,0,1,0,0,1,0,1
False,57,54,56,0,0,1,0,0,1,0,0,0,0,0,0,1,1,0
True,65,74,77,0,0,1,0,0,0,0,0,0,0,1,0,1,1,0
False,48,45,41,1,0,0,0,0,0,0,1,0,0,0,1,0,0,1
True,50,67,63,0,1,0,0,0,0,0,1,0,0,0,1,0,0,1
True,85,89,95,0,0,1,0,0,1,0,0,0,0,0,0,1,0,1
False,74,63,57,0,1,0,0,0,0,0,0,0,0,1,0,1,0,1
False,60,59,54,0,0,0,1,0,0,0,0,0,0,1,0,1,0,1
True,59,54,67,0,0,1,0,0,0,0,0,0,0,1,0,1,1,0
False,53,43,43,1,0,0,0,0,0,0,0,0,1,0,0,1,0,1
True,49,65,55,1,0,0,0,0,0,0,0,0,1,0,1,0,0,1
True,88,99,100,0,0,0,1,0,0,0,1,0,0,0,0,1,1,0
True,54,59,62,0,0,1,0,0,0,0,1,0,0,0,0,1,0,1
True,63,73,68,0,0,1,0,0,0,0,0,0,0,1,0,1,0,1
False,65,65,63,0,1,0,0,0,1,0,0,0,0,0,0,1,1,0
True,82,80,77,0,1,0,0,0,1,0,0,0,0,0,0,1,0,1
True,52,57,56,0,0,0,1,0,0,0,1,0,0,0,1,0,1,0
False,87,84,85,0,0,0,1,0,1,0,0,0,0,0,0,1,1,0
True,70,71,74,0,0,0,1,0,0,0,0,1,0,0,0,1,1,0
False,84,83,78,0,0,0,0,1,0,0,0,0,1,0,0,1,1,0
False,71,66,60,0,0,0,1,0,1,0,0,0,0,0,0,1,0,1
False,63,67,67,0,1,0,0,0,0,0,0,0,0,1,0,1,1,0
True,51,72,79,0,0,1,0,0,0,1,0,0,0,0,1,0,1,0
False,84,73,69,0,0,0,0,1,0,0,1,0,0,0,0,1,0,1
False,71,74,68,0,0,1,0,0,0,1,0,0,0,0,0,1,1,0
False,74,73,67,0,0,1,0,0,1,0,0,0,0,0,0,1,0,1
False,68,59,62,0,0,0,1,0,0,0,0,0,1,0,0,1,0,1
False,57,56,54,0,0,0,0,1,0,0,1,0,0,0,1,0,1,0
True,82,93,93,0,0,1,0,0,1,0,0,0,0,0,1,0,1,0
True,57,58,64,0,0,0,1,0,0,0,1,0,0,0,0,1,1,0
True,47,58,67,0,0,0,1,0,0,0,0,1,0,0,1,0,1,0
True,59,85,80,1,0,0,0,0,0,0,0,0,0,1,0,1,1,0
False,41,39,34,0,1,0,0,0,0,0,0,0,1,0,1,0,0,1
True,62,67,62,0,0,1,0,0,0,0,0,0,1,0,1,0,0,1
False,86,83,86,0,0,1,0,0,0,1,0,0,0,0,0,1,0,1
False,69,71,65,0,0,1,0,0,0,0,0,0,0,1,1,0,0,1
False,65,59,53,1,0,0,0,0,0,0,0,0,0,1,1,0,0,1
False,68,63,54,0,0,1,0,0,0,0,0,0,0,1,1,0,0,1
False,64,66,59,0,0,1,0,0,1,0,0,0,0,0,1,0,0,1
True,61,72,70,0,0,1,0,0,0,0,1,0,0,0,0,1,0,1
False,61,56,55,0,0,1,0,0,0,0,1,0,0,0,0,1,0,1
True,47,59,50,1,0,0,0,0,0,0,0,0,0,1,1,0,0,1
False,73,66,66,0,0,1,0,0,0,0,0,0,0,1,0,1,0,1
False,50,48,53,0,0,1,0,0,0,0,0,0,1,0,1,0,1,0
False,75,68,64,0,0,0,1,0,1,0,0,0,0,0,0,1,0,1
False,75,66,73,0,0,0,1,0,1,0,0,0,0,0,1,0,0,1
False,70,56,51,0,0,1,0,0,0,0,1,0,0,0,0,1,0,1
False,89,88,82,0,0,0,1,0,0,0,0,0,0,1,0,1,1,0
True,67,81,79,0,0,1,0,0,0,0,0,0,1,0,0,1,1,0
True,78,81,80,0,0,0,1,0,0,0,1,0,0,0,0,1,0,1
True,59,73,69,1,0,0,0,0,0,0,0,0,0,1,1,0,0,1
True,73,83,76,0,1,0,0,0,1,0,0,0,0,0,0,1,0,1
False,79,82,73,1,0,0,0,0,0,0,0,0,0,1,1,0,0,1
True,67,74,77,0,0,1,0,0,0,0,0,0,0,1,0,1,1,0
False,69,66,60,0,0,0,1,0,0,0,0,0,1,0,1,0,0,1
False,86,81,80,0,0,1,0,0,0,0,1,0,0,0,0,1,1,0
False,47,46,42,0,1,0,0,0,0,0,1,0,0,0,0,1,0,1
False,81,73,72,0,1,0,0,0,1,0,0,0,0,0,0,1,0,1
True,64,85,85,0,0,1,0,0,0,0,0,0,1,0,1,0,1,0
True,100,92,97,0,0,0,0,1,0,0,0,0,1,0,0,1,0,1
True,65,77,74,0,0,1,0,0,1,0,0,0,0,0,1,0,0,1
False,65,58,49,0,0,1,0,0,0,0,0,0,1,0,1,0,0,1
True,53,61,62,0,0,1,0,0,1,0,0,0,0,0,1,0,0,1
False,37,56,47,0,0,1,0,0,0,1,0,0,0,0,1,0,0,1
True,79,89,89,0,0,0,1,0,0,1,0,0,0,0,0,1,0,1
False,53,54,48,0,0,0,1,0,1,0,0,0,0,0,1,0,0,1
True,100,100,100,0,0,0,0,1,0,1,0,0,0,0,0,1,0,1
False,72,65,68,0,1,0,0,0,0,0,1,0,0,0,0,1,1,0
False,53,58,55,0,0,1,0,0,0,1,0,0,0,0,1,0,0,1
False,54,54,45,0,1,0,0,0,0,0,0,0,1,0,1,0,0,1
True,71,70,76,0,0,0,0,1,0,0,0,0,1,0,0,1,0,1
True,77,90,91,0,0,1,0,0,0,0,0,0,1,0,1,0,0,1
False,75,58,62,1,0,0,0,0,0,1,0,0,0,0,0,1,1,0
True,84,87,91,0,0,1,0,0,0,0,0,0,1,0,0,1,0,1
True,26,31,38,0,0,0,1,0,1,0,0,0,0,0,1,0,0,1
False,72,67,65,1,0,0,0,0,0,0,1,0,0,0,1,0,1,0
True,77,88,85,1,0,0,0,0,0,0,1,0,0,0,1,0,1,0
False,91,74,76,0,0,1,0,0,0,0,0,0,1,0,0,1,0,1
True,83,85,90,0,0,1,0,0,1,0,0,0,0,0,0,1,1,0
True,63,69,74,0,0,1,0,0,0,0,1,0,0,0,0,1,0,1
True,68,86,84,0,0,1,0,0,1,0,0,0,0,0,0,1,1,0
True,59,67,61,0,0,0,1,0,0,0,0,0,0,1,0,1,0,1
True,90,90,91,0,1,0,0,0,1,0,0,0,0,0,0,1,1,0
True,71,76,83,0,0,0,1,0,0,1,0,0,0,0,0,1,1,0
False,76,62,66,0,0,0,0,1,0,1,0,0,0,0,0,1,1,0
False,80,68,72,0,0,0,1,0,1,0,0,0,0,0,0,1,0,1
True,55,64,70,0,0,0,1,0,0,0,0,1,0,0,0,1,0,1
False,76,71,67,0,0,0,0,1,1,0,0,0,0,0,0,1,0,1
False,73,71,68,0,1,0,0,0,0,0,1,0,0,0,0,1,1,0
True,52,59,56,0,0,0,1,0,1,0,0,0,0,0,1,0,0,1
False,68,68,61,0,0,1,0,0,0,0,0,0,1,0,1,0,0,1
False,59,52,46,1,0,0,0,0,0,0,1,0,0,0,0,1,0,1
True,49,52,54,0,1,0,0,0,1,0,0,0,0,0,0,1,0,1
False,70,74,71,0,0,1,0,0,0,0,1,0,0,0,0,1,0,1
False,61,47,56,0,0,0,1,0,0,0,0,0,1,0,1,0,0,1
True,60,75,74,0,0,1,0,0,1,0,0,0,0,0,1,0,0,1
False,64,53,57,0,1,0,0,0,0,0,0,0,0,1,0,1,1,0
False,79,82,82,1,0,0,0,0,1,0,0,0,0,0,1,0,1,0
True,65,85,76,1,0,0,0,0,1,0,0,0,0,0,1,0,0,1
True,64,64,70,0,0,1,0,0,1,0,0,0,0,0,0,1,0,1
True,83,83,90,0,0,1,0,0,0,0,0,0,1,0,0,1,0,1
True,81,88,90,0,0,1,0,0,0,1,0,0,0,0,0,1,0,1
True,54,64,68,0,1,0,0,0,0,0,1,0,0,0,0,1,0,1
False,68,64,66,0,0,0,1,0,0,0,1,0,0,0,0,1,1,0
True,54,48,52,0,0,1,0,0,0,0,0,0,1,0,0,1,0,1
True,59,78,76,0,0,0,1,0,0,0,0,0,1,0,1,0,1,0
True,66,69,68,0,1,0,0,0,0,0,0,0,0,1,0,1,0,1
False,76,71,72,0,0,0,0,1,0,0,0,0,1,0,0,1,0,1
True,74,79,82,0,0,0,1,0,0,0,0,1,0,0,0,1,0,1
True,94,87,92,0,1,0,0,0,1,0,0,0,0,0,0,1,1,0
False,63,61,54,0,0,1,0,0,0,0,0,0,1,0,1,0,0,1
True,95,89,92,0,0,0,0,1,1,0,0,0,0,0,0,1,1,0
True,40,59,54,0,0,0,1,0,0,0,0,1,0,0,1,0,0,1
True,82,82,80,0,1,0,0,0,0,0,0,0,0,1,0,1,0,1
False,68,70,66,1,0,0,0,0,0,0,1,0,0,0,0,1,0,1
False,55,59,54,0,1,0,0,0,0,1,0,0,0,0,1,0,0,1
False,79,78,77,0,0,1,0,0,0,0,0,1,0,0,0,1,0,1
True,86,92,87,0,0,1,0,0,0,1,0,0,0,0,0,1,0,1
False,76,71,73,0,0,0,1,0,0,0,0,0,1,0,0,1,0,1
False,64,50,43,1,0,0,0,0,0,0,0,0,0,1,0,1,0,1
False,62,49,52,0,0,0,1,0,0,0,0,0,0,1,1,0,0,1
True,54,61,62,0,1,0,0,0,0,0,0,0,0,1,0,1,1,0
True,77,97,94,0,1,0,0,0,0,0,0,1,0,0,1,0,1,0
True,76,87,85,0,0,1,0,0,0,0,0,0,0,1,0,1,1,0
True,74,89,84,0,0,0,1,0,0,0,0,0,1,0,0,1,0,1
True,66,74,73,0,0,0,0,1,0,0,0,0,1,0,0,1,1,0
True,66,78,78,0,0,0,1,0,0,0,0,0,0,1,0,1,1,0
True,67,78,79,0,1,0,0,0,0,0,1,0,0,0,1,0,1,0
False,71,49,52,0,0,0,1,0,0,0,0,0,1,0,0,1,0,1
True,91,86,84,0,0,1,0,0,1,0,0,0,0,0,0,1,0,1
False,69,58,57,0,0,0,1,0,0,1,0,0,0,0,0,1,0,1
False,54,59,50,0,0,1,0,0,0,0,0,1,0,0,1,0,0,1
False,53,52,49,0,0,1,0,0,0,0,1,0,0,0,0,1,1,0
False,68,60,59,0,0,0,0,1,0,0,0,0,1,0,0,1,0,1
False,56,61,60,0,0,1,0,0,0,0,0,0,0,1,1,0,1,0
True,36,53,43,0,0,1,0,0,0,0,1,0,0,0,1,0,0,1
True,29,41,47,0,0,0,1,0,0,1,0,0,0,0,1,0,0,1
True,62,74,70,0,0,1,0,0,1,0,0,0,0,0,0,1,0,1
True,68,67,73,0,0,1,0,0,1,0,0,0,0,0,0,1,1,0
True,47,54,53,0,0,1,0,0,0,0,0,0,0,1,0,1,0,1
False,62,61,58,0,0,0,0,1,1,0,0,0,0,0,0,1,1,0
True,79,88,94,0,0,0,0,1,1,0,0,0,0,0,0,1,1,0
False,73,69,68,0,1,0,0,0,0,0,1,0,0,0,0,1,1,0
True,66,83,83,0,0,1,0,0,0,1,0,0,0,0,1,0,1,0
False,51,60,58,0,0,1,0,0,1,0,0,0,0,0,0,1,1,0
True,51,66,62,0,0,0,1,0,0,0,1,0,0,0,0,1,0,1
False,85,66,71,0,0,0,0,1,0,1,0,0,0,0,0,1,1,0
False,97,92,86,1,0,0,0,0,1,0,0,0,0,0,0,1,1,0
False,75,69,68,0,0,1,0,0,0,0,1,0,0,0,0,1,1,0
False,79,82,80,0,0,0,1,0,1,0,0,0,0,0,1,0,1,0
True,81,77,79,0,0,1,0,0,1,0,0,0,0,0,0,1,0,1
True,82,95,89,0,0,0,1,0,1,0,0,0,0,0,0,1,0,1
True,64,63,66,0,0,0,1,0,0,0,0,1,0,0,0,1,0,1
False,78,83,80,0,0,0,0,1,0,0,0,0,0,1,1,0,1,0
True,92,100,97,1,0,0,0,0,0,0,0,0,0,1,0,1,1,0
False,72,67,64,0,0,1,0,0,0,0,1,0,0,0,0,1,1,0
True,62,67,64,0,0,1,0,0,0,0,1,0,0,0,1,0,0,1
False,79,72,69,0,0,1,0,0,0,0,0,1,0,0,0,1,0,1
False,79,76,65,0,0,1,0,0,0,0,0,0,0,1,1,0,0,1
False,87,90,88,0,1,0,0,0,0,1,0,0,0,0,1,0,1,0
True,40,48,50,0,1,0,0,0,1,0,0,0,0,0,0,1,0,1
False,77,62,64,0,0,0,1,0,0,0,0,0,1,0,1,0,0,1
False,53,45,40,0,0,0,0,1,1,0,0,0,0,0,0,1,0,1
True,32,39,33,0,0,1,0,0,0,0,0,0,1,0,1,0,0,1
True,55,72,79,0,0,1,0,0,1,0,0,0,0,0,0,1,1,0
False,61,67,66,0,0,1,0,0,0,0,0,1,0,0,1,0,0,1
True,53,70,70,0,1,0,0,0,1,0,0,0,0,0,1,0,0,1
False,73,66,62,0,0,0,1,0,0,0,0,0,0,1,0,1,0,1
True,74,75,79,0,0,0,1,0,0,0,0,0,1,0,0,1,1,0
True,63,74,74,0,0,1,0,0,0,0,0,0,1,0,0,1,0,1
False,96,90,92,0,0,1,0,0,0,1,0,0,0,0,0,1,1,0
True,63,80,80,0,0,0,1,0,0,0,0,0,1,0,1,0,1,0
False,48,51,46,0,1,0,0,0,0,1,0,0,0,0,1,0,0,1
False,48,43,45,0,1,0,0,0,1,0,0,0,0,0,0,1,0,1
True,92,100,100,0,0,0,0,1,0,1,0,0,0,0,1,0,1,0
True,61,71,78,0,0,0,1,0,0,0,0,1,0,0,1,0,1,0
False,63,48,47,0,1,0,0,0,0,0,1,0,0,0,1,0,0,1
False,68,68,67,0,0,0,1,0,0,1,0,0,0,0,1,0,0,1
False,71,75,70,0,1,0,0,0,0,0,0,0,1,0,0,1,1,0
False,91,96,92,1,0,0,0,0,0,1,0,0,0,0,0,1,0,1
True,53,62,56,0,0,1,0,0,0,0,0,0,1,0,0,1,0,1
True,50,66,64,0,0,1,0,0,0,0,1,0,0,0,1,0,1,0
True,74,81,71,0,0,0,0,1,0,0,1,0,0,0,0,1,0,1
False,40,55,53,1,0,0,0,0,1,0,0,0,0,0,1,0,1,0
False,61,51,52,1,0,0,0,0,0,0,0,0,1,0,0,1,1,0
True,81,91,89,0,1,0,0,0,0,0,1,0,0,0,0,1,0,1
True,48,56,58,0,1,0,0,0,0,0,0,0,1,0,1,0,1,0
True,53,61,68,0,0,0,1,0,0,0,0,1,0,0,0,1,0,1
True,81,97,96,0,0,0,1,0,0,0,0,0,0,1,0,1,0,1
True,77,79,80,0,0,0,0,1,0,0,0,0,0,1,0,1,0,1
True,63,73,78,0,0,0,1,0,0,1,0,0,0,0,1,0,0,1
True,73,75,80,0,0,0,1,0,1,0,0,0,0,0,0,1,1,0
True,69,77,77,0,0,0,1,0,0,0,0,0,1,0,0,1,0,1
True,65,76,76,0,0,1,0,0,1,0,0,0,0,0,0,1,0,1
True,55,73,73,1,0,0,0,0,0,0,1,0,0,0,0,1,0,1
True,44,63,62,0,0,1,0,0,0,1,0,0,0,0,1,0,0,1
True,54,64,65,0,0,1,0,0,0,0,0,0,1,0,0,1,0,1
True,48,66,65,1,0,0,0,0,0,0,0,0,0,1,0,1,0,1
False,58,57,54,0,0,1,0,0,0,0,0,0,1,0,1,0,0,1
False,71,62,50,1,0,0,0,0,0,0,0,0,0,1,0,1,0,1
False,68,68,64,0,0,0,0,1,0,1,0,0,0,0,0,1,0,1
True,74,76,73,0,0,0,0,1,0,0,1,0,0,0,0,1,0,1
True,92,100,99,0,0,1,0,0,0,1,0,0,0,0,0,1,1,0
True,56,79,72,0,0,1,0,0,0,1,0,0,0,0,0,1,1,0
False,30,24,15,0,1,0,0,0,0,0,1,0,0,0,1,0,0,1
False,53,54,48,1,0,0,0,0,0,0,0,0,0,1,0,1,0,1
True,69,77,73,0,0,0,1,0,0,0,1,0,0,0,0,1,0,1
True,65,82,81,0,0,0,1,0,0,0,0,0,0,1,0,1,0,1
True,54,60,63,0,0,0,1,0,0,0,0,1,0,0,0,1,0,1
True,29,29,30,0,0,1,0,0,0,0,1,0,0,0,0,1,0,1
True,76,78,80,0,0,0,0,1,0,0,0,0,1,0,0,1,0,1
False,60,57,51,0,0,0,1,0,0,0,1,0,0,0,1,0,0,1
False,84,89,90,0,0,0,1,0,0,0,0,1,0,0,1,0,1,0
False,75,72,62,0,0,1,0,0,0,0,0,0,0,1,0,1,0,1
True,85,84,82,0,0,1,0,0,1,0,0,0,0,0,0,1,0,1
True,40,58,54,0,0,1,0,0,0,0,0,1,0,0,1,0,0,1
True,61,64,62,0,0,0,0,1,0,0,0,0,1,0,0,1,0,1
True,58,63,65,0,1,0,0,0,1,0,0,0,0,0,0,1,0,1
False,69,60,63,0,0,0,1,0,0,0,0,0,1,0,1,0,1,0
True,58,59,66,0,0,1,0,0,0,0,0,0,1,0,0,1,0,1
False,94,90,91,0,0,1,0,0,0,1,0,0,0,0,0,1,1,0
True,65,77,74,0,0,1,0,0,1,0,0,0,0,0,0,1,0,1
True,82,93,93,1,0,0,0,0,1,0,0,0,0,0,0,1,0,1
True,60,68,72,0,0,1,0,0,0,0,1,0,0,0,0,1,0,1
True,37,45,38,0,0,0,0,1,0,1,0,0,0,0,0,1,0,1
False,88,78,83,0,0,0,1,0,0,1,0,0,0,0,0,1,0,1
False,95,81,84,0,0,0,1,0,0,0,0,1,0,0,0,1,0,1
False,65,73,68,0,0,1,0,0,1,0,0,0,0,0,1,0,1,0
True,35,61,54,0,0,1,0,0,0,0,1,0,0,0,1,0,0,1
False,62,63,56,0,1,0,0,0,0,1,0,0,0,0,1,0,0,1
False,58,51,52,0,0,1,0,0,0,0,1,0,0,0,1,0,1,0
False,100,96,86,1,0,0,0,0,0,0,0,0,1,0,0,1,1,0
True,61,58,62,0,0,0,0,1,0,1,0,0,0,0,1,0,0,1
False,100,97,99,0,0,0,1,0,0,0,0,0,1,0,0,1,1,0
False,69,70,63,0,1,0,0,0,1,0,0,0,0,0,1,0,1,0
False,61,48,46,0,0,0,1,0,1,0,0,0,0,0,0,1,0,1
False,49,57,46,0,0,0,1,0,0,0,0,0,1,0,1,0,0,1
True,44,51,55,0,0,1,0,0,0,0,0,0,0,1,0,1,1,0
False,67,64,70,0,0,0,1,0,0,0,0,0,1,0,0,1,0,1
False,79,60,65,0,1,0,0,0,0,0,1,0,0,0,0,1,0,1
True,66,74,81,0,1,0,0,0,0,1,0,0,0,0,0,1,1,0
True,75,88,85,0,0,1,0,0,0,0,1,0,0,0,0,1,0,1
False,84,84,80,0,0,0,1,0,0,0,0,0,0,1,0,1,0,1
False,71,74,64,1,0,0,0,0,0,0,1,0,0,0,0,1,0,1
True,67,80,81,0,1,0,0,0,0,0,1,0,0,0,1,0,1,0
True,80,92,88,0,0,0,1,0,0,0,0,0,0,1,0,1,1,0
False,86,76,74,0,0,0,0,1,0,0,0,0,1,0,0,1,0,1
True,76,74,73,0,0,0,1,0,1,0,0,0,0,0,0,1,0,1
False,41,52,51,0,0,0,1,0,0,0,1,0,0,0,0,1,0,1
True,74,88,90,0,0,0,1,0,1,0,0,0,0,0,1,0,1,0
True,72,81,79,0,1,0,0,0,0,0,0,0,0,1,1,0,0,1
True,74,79,80,0,0,0,0,1,0,0,1,0,0,0,0,1,1,0
False,70,65,60,0,1,0,0,0,0,0,1,0,0,0,0,1,0,1
True,65,81,81,0,1,0,0,0,0,1,0,0,0,0,0,1,1,0
True,59,70,65,0,0,0,1,0,1,0,0,0,0,0,0,1,0,1
True,64,62,68,0,0,0,0,1,0,0,1,0,0,0,1,0,0,1
True,50,53,55,0,1,0,0,0,0,0,1,0,0,0,0,1,0,1
True,69,79,81,0,0,0,1,0,0,0,0,0,1,0,0,1,1,0
False,51,56,53,0,0,1,0,0,0,0,0,0,0,1,1,0,1,0
True,68,80,76,1,0,0,0,0,0,0,1,0,0,0,0,1,1,0
True,85,86,98,0,0,0,1,0,0,0,0,0,1,0,0,1,1,0
True,65,70,74,1,0,0,0,0,1,0,0,0,0,0,0,1,1,0
True,73,79,79,0,1,0,0,0,0,0,0,0,0,1,0,1,0,1
True,62,67,67,0,1,0,0,0,0,0,0,0,1,0,0,1,0,1
False,77,67,64,0,0,1,0,0,1,0,0,0,0,0,1,0,0,1
False,69,66,61,0,0,0,1,0,0,0,0,0,0,1,0,1,0,1
True,43,60,58,0,0,0,1,0,1,0,0,0,0,0,1,0,0,1
False,90,87,85,0,0,0,1,0,1,0,0,0,0,0,0,1,0,1
False,74,77,73,0,0,1,0,0,0,0,0,0,1,0,1,0,0,1
False,73,66,63,0,0,1,0,0,0,0,0,0,0,1,0,1,0,1
True,55,71,69,0,0,0,1,0,0,0,0,0,1,0,1,0,0,1
True,65,69,67,0,0,1,0,0,0,0,1,0,0,0,0,1,0,1
False,80,63,63,0,0,0,1,0,1,0,0,0,0,0,0,1,0,1
True,50,60,60,0,0,1,0,0,0,0,0,0,0,1,1,0,1,0
True,63,73,71,0,0,1,0,0,0,0,0,0,1,0,1,0,1,0
True,77,85,87,0,1,0,0,0,0,1,0,0,0,0,1,0,0,1
False,73,74,61,0,0,1,0,0,0,0,0,0,1,0,0,1,0,1
False,81,72,77,0,0,0,1,0,1,0,0,0,0,0,0,1,1,0
True,66,76,68,0,0,1,0,0,0,0,1,0,0,0,1,0,0,1
False,52,57,50,0,0,0,1,0,1,0,0,0,0,0,1,0,0,1
True,69,78,76,0,0,1,0,0,0,0,0,0,1,0,0,1,0,1
True,65,84,84,0,0,1,0,0,1,0,0,0,0,0,0,1,1,0
True,69,77,78,0,0,0,1,0,0,0,1,0,0,0,0,1,1,0
True,50,64,66,0,1,0,0,0,0,0,0,0,1,0,0,1,1,0
True,73,78,76,0,0,0,0,1,0,0,0,0,1,0,0,1,1,0
True,70,82,76,0,0,1,0,0,0,0,0,0,0,1,0,1,1,0
False,81,75,78,0,0,0,1,0,1,0,0,0,0,0,1,0,0,1
False,63,61,60,0,0,0,1,0,0,0,0,0,1,0,1,0,0,1
True,67,72,74,0,0,0,1,0,0,0,1,0,0,0,0,1,0,1
False,60,68,60,0,1,0,0,0,0,0,1,0,0,0,0,1,0,1
False,62,55,54,0,1,0,0,0,0,0,1,0,0,0,0,1,0,1
True,29,40,44,0,0,1,0,0,0,0,0,0,0,1,1,0,1,0
False,62,66,68,0,1,0,0,0,0,0,0,0,1,0,0,1,1,0
True,94,99,100,0,0,0,0,1,0,0,0,1,0,0,0,1,1,0
False,85,75,68,0,0,0,0,1,0,0,0,0,1,0,0,1,1,0
False,77,78,73,0,0,0,1,0,1,0,0,0,0,0,1,0,0,1
False,53,58,44,1,0,0,0,0,0,0,1,0,0,0,1,0,0,1
False,93,90,83,0,0,0,0,1,0,0,0,0,1,0,1,0,0,1
True,49,53,53,0,0,1,0,0,1,0,0,0,0,0,0,1,0,1
True,73,76,78,0,0,0,0,1,1,0,0,0,0,0,1,0,0,1
True,66,74,81,0,0,1,0,0,0,1,0,0,0,0,1,0,1,0
True,77,77,73,0,0,0,1,0,1,0,0,0,0,0,0,1,0,1
True,49,63,56,0,0,1,0,0,0,0,0,0,0,1,0,1,0,1
True,79,89,86,0,0,0,1,0,0,0,0,0,1,0,1,0,0,1
True,75,82,90,0,0,1,0,0,1,0,0,0,0,0,0,1,1,0
True,59,72,70,1,0,0,0,0,0,1,0,0,0,0,0,1,0,1
True,57,78,79,0,0,0,1,0,1,0,0,0,0,0,0,1,1,0
False,66,66,59,0,0,1,0,0,0,0,1,0,0,0,1,0,0,1
True,79,81,82,0,0,0,0,1,0,1,0,0,0,0,0,1,1,0
True,57,67,72,0,1,0,0,0,0,0,0,0,0,1,0,1,0,1
False,87,84,87,1,0,0,0,0,0,1,0,0,0,0,0,1,1,0
True,63,64,67,0,0,0,1,0,0,0,0,0,1,0,0,1,0,1
True,59,63,64,0,1,0,0,0,0,0,0,0,0,1,1,0,1,0
False,62,72,65,1,0,0,0,0,0,1,0,0,0,0,1,0,0,1
False,46,34,36,0,0,0,1,0,0,0,1,0,0,0,0,1,0,1
False,66,59,52,0,0,1,0,0,0,0,0,0,1,0,0,1,0,1
False,89,87,79,0,0,0,1,0,0,0,1,0,0,0,0,1,0,1
True,42,61,58,0,0,0,1,0,1,0,0,0,0,0,1,0,1,0
False,93,84,90,0,0,1,0,0,0,0,0,0,1,0,0,1,1,0
True,80,85,85,0,0,0,0,1,0,0,0,0,0,1,0,1,1,0
True,98,100,99,0,0,0,1,0,0,0,0,0,1,0,0,1,0,1
False,81,81,84,0,0,0,1,0,0,0,0,1,0,0,0,1,0,1
True,60,70,74,0,1,0,0,0,0,0,0,0,0,1,0,1,1,0
True,76,94,87,0,1,0,0,0,1,0,0,0,0,0,1,0,1,0
False,73,78,72,0,0,1,0,0,1,0,0,0,0,0,0,1,1,0
True,96,96,99,0,0,1,0,0,1,0,0,0,0,0,0,1,1,0
True,76,76,74,0,0,1,0,0,0,0,1,0,0,0,0,1,0,1
False,91,73,80,0,0,0,0,1,1,0,0,0,0,0,1,0,1,0
True,62,72,70,0,0,1,0,0,0,0,0,0,1,0,1,0,0,1
False,55,59,59,0,0,0,1,0,0,0,0,0,0,1,1,0,1,0
True,74,90,88,0,1,0,0,0,0,0,0,0,0,1,1,0,1,0
False,50,48,42,0,0,1,0,0,0,0,1,0,0,0,0,1,0,1
False,47,43,41,0,1,0,0,0,0,0,0,0,1,0,0,1,0,1
False,81,74,71,0,0,0,0,1,0,0,0,0,1,0,0,1,1,0
True,65,75,77,0,0,0,0,1,1,0,0,0,0,0,0,1,1,0
False,68,51,57,0,0,0,0,1,0,0,0,0,0,1,0,1,1,0
True,73,92,84,0,0,0,1,0,0,0,1,0,0,0,1,0,0,1
False,53,39,37,0,0,1,0,0,0,0,0,0,1,0,0,1,0,1
True,68,77,80,0,1,0,0,0,1,0,0,0,0,0,1,0,1,0
False,55,46,43,1,0,0,0,0,0,0,0,0,0,1,1,0,0,1
True,87,89,94,0,0,1,0,0,0,0,0,0,1,0,0,1,1,0
False,55,47,44,0,0,0,1,0,0,0,0,0,0,1,0,1,0,1
True,53,58,57,0,0,0,0,1,0,0,0,0,1,0,1,0,0,1
False,67,57,59,0,0,1,0,0,0,0,0,1,0,0,0,1,0,1
False,92,79,84,0,0,1,0,0,1,0,0,0,0,0,0,1,0,1
True,53,66,73,0,1,0,0,0,0,0,0,0,1,0,1,0,1,0
False,81,71,73,0,0,0,1,0,1,0,0,0,0,0,0,1,0,1
False,61,60,55,0,0,1,0,0,0,0,1,0,0,0,1,0,0,1
False,80,73,72,0,0,0,1,0,0,1,0,0,0,0,0,1,0,1
True,37,57,56,1,0,0,0,0,1,0,0,0,0,0,1,0,0,1
True,81,84,82,0,0,1,0,0,0,0,1,0,0,0,0,1,0,1
True,59,73,72,0,0,1,0,0,1,0,0,0,0,0,0,1,1,0
False,55,55,47,0,1,0,0,0,0,0,0,0,1,0,1,0,0,1
False,72,79,74,0,0,0,1,0,1,0,0,0,0,0,0,1,0,1
False,69,75,71,0,0,0,1,0,0,0,1,0,0,0,0,1,0,1
False,69,64,68,0,0,1,0,0,0,0,0,0,1,0,0,1,0,1
True,50,60,59,0,0,1,0,0,0,1,0,0,0,0,1,0,0,1
False,87,84,86,0,1,0,0,0,0,0,0,0,1,0,0,1,1,0
False,71,69,68,0,0,0,1,0,0,0,0,0,0,1,0,1,1,0
False,68,72,65,0,0,0,0,1,0,0,0,0,1,0,0,1,0,1
False,79,77,75,0,0,1,0,0,0,0,0,1,0,0,1,0,1,0
True,77,90,85,0,0,1,0,0,0,0,0,0,0,1,0,1,1,0
False,58,55,53,0,0,1,0,0,1,0,0,0,0,0,1,0,0,1
True,84,95,92,0,0,0,0,1,1,0,0,0,0,0,0,1,0,1
False,55,58,52,0,0,0,1,0,0,0,0,0,1,0,0,1,0,1
False,70,68,72,0,0,0,0,1,0,1,0,0,0,0,1,0,1,0
True,52,59,65,0,0,0,1,0,0,0,0,0,1,0,1,0,1,0
False,69,77,77,0,1,0,0,0,0,0,0,0,1,0,0,1,1,0
True,53,72,64,0,0,1,0,0,0,0,1,0,0,0,1,0,0,1
True,48,58,54,0,0,0,1,0,0,0,0,0,0,1,0,1,0,1
False,78,81,86,0,0,0,1,0,0,0,0,0,0,1,0,1,1,0
True,62,62,63,0,1,0,0,0,0,0,1,0,0,0,0,1,0,1
False,60,63,59,0,0,0,1,0,0,0,0,0,1,0,0,1,0,1
True,74,72,72,0,1,0,0,0,0,0,1,0,0,0,0,1,0,1
True,58,75,77,0,0,1,0,0,0,0,1,0,0,0,0,1,1,0
False,76,62,60,0,1,0,0,0,0,0,1,0,0,0,0,1,1,0
True,68,71,75,0,0,0,1,0,0,0,0,0,0,1,0,1,0,1
False,58,60,57,1,0,0,0,0,0,0,0,0,1,0,1,0,0,1
False,52,48,49,0,1,0,0,0,0,0,1,0,0,0,0,1,0,1
False,75,73,74,0,0,0,1,0,0,1,0,0,0,0,0,1,0,1
True,52,67,72,0,1,0,0,0,0,0,0,0,0,1,1,0,1,0
True,62,78,79,0,0,1,0,0,0,1,0,0,0,0,1,0,0,1
False,66,65,60,0,1,0,0,0,0,0,0,0,1,0,0,1,0,1
True,49,58,55,0,1,0,0,0,0,0,0,0,0,1,1,0,0,1
True,66,72,70,0,1,0,0,0,0,0,1,0,0,0,0,1,0,1
True,35,44,43,0,0,1,0,0,0,0,0,0,1,0,1,0,0,1
True,72,79,82,1,0,0,0,0,0,0,0,0,1,0,0,1,1,0
False,94,85,82,0,0,0,0,1,1,0,0,0,0,0,0,1,1,0
True,46,56,57,0,0,0,1,0,1,0,0,0,0,0,1,0,0,1
True,77,90,84,0,1,0,0,0,0,0,0,1,0,0,0,1,0,1
True,76,85,82,0,1,0,0,0,0,0,1,0,0,0,1,0,1,0
True,52,59,62,0,0,1,0,0,1,0,0,0,0,0,0,1,1,0
False,91,81,79,0,0,1,0,0,0,1,0,0,0,0,0,1,1,0
True,32,51,44,0,1,0,0,0,0,0,0,0,0,1,0,1,1,0
True,72,79,77,0,0,0,0,1,0,0,0,0,0,1,1,0,0,1
True,19,38,32,0,1,0,0,0,0,0,0,0,1,0,0,1,0,1
False,68,65,61,0,0,1,0,0,1,0,0,0,0,0,1,0,0,1
True,52,65,61,0,0,1,0,0,0,0,0,1,0,0,1,0,0,1
True,48,62,60,0,1,0,0,0,0,0,1,0,0,0,0,1,0,1
True,60,66,70,0,0,0,1,0,0,0,0,0,1,0,1,0,0,1
False,66,74,69,0,0,0,1,0,0,0,1,0,0,0,1,0,0,1
False,89,84,77,0,0,0,0,1,0,0,0,0,0,1,0,1,1,0
True,42,52,51,0,1,0,0,0,0,0,1,0,0,0,0,1,0,1
True,57,68,73,0,0,0,0,1,1,0,0,0,0,0,1,0,1,0
False,70,70,70,0,0,0,1,0,0,0,1,0,0,0,0,1,0,1
True,70,84,81,0,0,0,0,1,1,0,0,0,0,0,1,0,0,1
False,69,60,54,0,0,0,0,1,0,0,0,0,1,0,0,1,0,1
True,52,55,57,0,0,1,0,0,1,0,0,0,0,0,0,1,0,1
False,67,73,68,0,0,1,0,0,0,0,0,0,0,1,0,1,1,0
False,76,80,73,0,0,1,0,0,0,0,0,0,0,1,0,1,1,0
True,87,94,95,0,0,0,0,1,1,0,0,0,0,0,0,1,0,1
True,82,85,87,0,1,0,0,0,0,0,0,0,1,0,0,1,0,1
True,73,76,78,0,0,1,0,0,0,0,0,0,1,0,0,1,0,1
False,75,81,74,1,0,0,0,0,0,0,0,0,1,0,1,0,0,1
True,64,74,75,0,0,0,1,0,0,0,0,0,1,0,1,0,0,1
True,41,45,40,0,0,0,0,1,0,0,1,0,0,0,1,0,0,1
False,90,75,69,0,0,1,0,0,0,0,1,0,0,0,0,1,0,1
False,59,54,51,0,1,0,0,0,0,1,0,0,0,0,0,1,0,1
False,51,31,36,1,0,0,0,0,0,0,0,0,0,1,0,1,0,1
False,45,47,49,1,0,0,0,0,0,0,1,0,0,0,1,0,0,1
True,54,64,67,0,0,1,0,0,0,0,0,1,0,0,0,1,1,0
False,87,84,76,0,0,0,0,1,0,0,0,0,0,1,0,1,1,0
True,72,80,83,0,0,1,0,0,0,0,1,0,0,0,0,1,0,1
False,94,86,87,0,1,0,0,0,0,0,0,0,0,1,0,1,1,0
True,45,59,64,1,0,0,0,0,0,1,0,0,0,0,0,1,0,1
False,61,70,76,0,0,0,1,0,0,1,0,0,0,0,1,0,1,0
True,60,72,68,0,1,0,0,0,0,0,1,0,0,0,1,0,0,1
True,77,91,88,0,0,1,0,0,0,0,0,0,0,1,0,1,0,1
True,85,90,92,1,0,0,0,0,0,0,0,0,0,1,0,1,1,0
True,78,90,93,0,0,0,1,0,0,1,0,0,0,0,1,0,0,1
False,49,52,51,0,0,0,0,1,0,0,0,0,1,0,1,0,1,0
True,71,87,82,0,1,0,0,0,0,0,1,0,0,0,1,0,0,1
True,48,58,52,0,0,1,0,0,0,0,0,0,0,1,1,0,0,1
False,62,67,58,0,0,1,0,0,0,0,1,0,0,0,0,1,0,1
True,56,68,70,0,0,1,0,0,1,0,0,0,0,0,1,0,1,0
True,65,69,76,0,0,1,0,0,0,0,0,0,0,1,0,1,0,1
True,69,86,81,0,0,0,1,0,0,0,0,0,0,1,1,0,1,0
False,68,54,53,0,1,0,0,0,0,0,0,0,0,1,0,1,0,1
True,61,60,57,1,0,0,0,0,0,0,0,0,1,0,1,0,0,1
True,74,86,89,0,0,1,0,0,0,1,0,0,0,0,1,0,1,0
False,64,60,58,1,0,0,0,0,0,1,0,0,0,0,0,1,0,1
True,77,82,89,0,1,0,0,0,0,0,1,0,0,0,0,1,1,0
False,58,50,45,0,1,0,0,0,0,0,0,0,1,0,0,1,0,1
True,60,64,74,0,0,1,0,0,0,0,1,0,0,0,0,1,1,0
False,73,64,57,0,0,0,0,1,0,0,1,0,0,0,0,1,0,1
True,75,82,79,1,0,0,0,0,0,0,1,0,0,0,0,1,1,0
False,58,57,53,0,1,0,0,0,1,0,0,0,0,0,1,0,1,0
True,66,77,73,0,0,1,0,0,1,0,0,0,0,0,0,1,0,1
True,39,52,46,0,0,0,1,0,0,0,1,0,0,0,1,0,0,1
False,64,58,51,0,0,1,0,0,0,0,0,0,0,1,0,1,0,1
True,23,44,36,0,1,0,0,0,0,0,1,0,0,0,1,0,1,0
False,74,77,76,0,1,0,0,0,0,0,0,0,1,0,1,0,1,0
True,40,65,64,0,0,0,1,0,0,0,0,0,0,1,1,0,1,0
False,90,85,84,0,0,0,0,1,0,0,0,1,0,0,0,1,0,1
False,91,85,85,0,0,1,0,0,0,0,0,1,0,0,0,1,1,0
False,64,54,50,0,0,0,1,0,0,0,1,0,0,0,0,1,0,1
True,59,72,68,0,0,1,0,0,0,0,1,0,0,0,0,1,0,1
False,80,75,69,0,0,0,1,0,1,0,0,0,0,0,0,1,0,1
False,71,67,67,0,0,1,0,0,0,0,0,1,0,0,0,1,0,1
True,61,68,63,1,0,0,0,0,0,0,1,0,0,0,0,1,0,1
True,87,85,93,0,0,0,0,1,0,0,0,0,1,0,0,1,0,1
False,82,67,61,0,0,0,0,1,0,0,0,0,0,1,0,1,0,1
False,62,64,55,0,0,1,0,0,0,0,0,0,0,1,0,1,0,1
True,97,97,96,0,1,0,0,0,0,1,0,0,0,0,0,1,0,1
False,75,68,65,0,1,0,0,0,0,0,0,0,1,0,1,0,0,1
True,65,79,81,0,0,1,0,0,0,1,0,0,0,0,0,1,0,1
False,52,49,46,0,1,0,0,0,0,0,1,0,0,0,0,1,1,0
False,87,73,72,0,0,1,0,0,1,0,0,0,0,0,1,0,0,1
True,53,62,53,0,0,1,0,0,1,0,0,0,0,0,0,1,0,1
True,81,86,87,0,0,0,0,1,0,0,0,1,0,0,1,0,0,1
False,39,42,38,0,0,0,1,0,0,1,0,0,0,0,1,0,1,0
True,71,71,80,0,0,1,0,0,0,0,0,0,1,0,0,1,1,0
False,97,93,91,0,0,1,0,0,1,0,0,0,0,0,0,1,0,1
False,82,82,88,0,0,0,1,0,0,0,0,0,1,0,0,1,1,0
False,59,53,52,0,0,1,0,0,0,0,1,0,0,0,1,0,0,1
False,61,42,41,0,1,0,0,0,1,0,0,0,0,0,0,1,0,1
False,78,74,72,0,0,0,0,1,1,0,0,0,0,0,1,0,1,0
False,49,51,51,0,0,1,0,0,1,0,0,0,0,0,1,0,0,1
False,59,58,47,0,1,0,0,0,0,0,1,0,0,0,0,1,0,1
True,70,72,76,0,0,1,0,0,0,0,0,0,1,0,0,1,1,0
False,82,84,78,0,1,0,0,0,1,0,0,0,0,0,0,1,1,0
False,90,90,82,0,0,0,0,1,1,0,0,0,0,0,1,0,0,1
True,43,62,61,0,0,1,0,0,0,1,0,0,0,0,1,0,0,1
False,80,64,66,0,0,1,0,0,0,0,0,0,1,0,1,0,0,1
False,81,82,84,0,0,0,1,0,0,0,0,0,1,0,0,1,0,1
False,57,61,54,0,0,1,0,0,0,0,0,0,0,1,0,1,0,1
True,59,72,80,0,0,0,1,0,0,0,0,0,0,1,0,1,0,1
True,64,76,74,0,0,0,1,0,1,0,0,0,0,0,0,1,0,1
False,63,64,66,0,0,1,0,0,0,1,0,0,0,0,0,1,1,0
True,71,70,70,0,0,0,0,1,0,1,0,0,0,0,0,1,1,0
True,64,73,71,0,1,0,0,0,0,0,1,0,0,0,1,0,0,1
False,55,46,44,0,0,0,1,0,0,1,0,0,0,0,1,0,0,1
True,51,51,54,0,0,0,0,1,1,0,0,0,0,0,0,1,0,1
True,62,76,80,0,0,1,0,0,1,0,0,0,0,0,0,1,1,0
True,93,100,95,0,0,0,0,1,1,0,0,0,0,0,0,1,1,0
False,54,72,59,0,0,1,0,0,0,0,1,0,0,0,1,0,0,1
True,69,65,74,0,0,0,1,0,0,0,0,0,1,0,1,0,0,1
False,44,51,48,0,0,0,1,0,0,0,1,0,0,0,1,0,0,1
True,86,85,91,0,0,0,0,1,0,0,0,0,1,0,0,1,1,0
True,85,92,85,0,0,0,0,1,1,0,0,0,0,0,0,1,0,1
True,50,67,73,1,0,0,0,0,0,0,0,1,0,0,1,0,0,1
False,88,74,75,0,0,0,1,0,0,0,0,0,0,1,0,1,1,0
True,59,62,69,0,0,0,0,1,1,0,0,0,0,0,0,1,0,1
True,32,34,38,0,0,0,0,1,0,0,0,0,0,1,1,0,0,1
False,36,29,27,0,1,0,0,0,0,0,1,0,0,0,1,0,0,1
True,63,78,79,0,1,0,0,0,0,0,0,0,0,1,1,0,1,0
False,67,54,63,0,0,0,1,0,1,0,0,0,0,0,0,1,1,0
True,65,78,82,0,0,0,1,0,0,0,0,0,0,1,0,1,1,0
False,85,84,89,0,0,0,1,0,0,0,0,1,0,0,0,1,0,1
True,73,78,74,0,0,1,0,0,0,0,0,1,0,0,0,1,0,1
True,34,48,41,1,0,0,0,0,0,0,1,0,0,0,1,0,1,0
True,93,100,100,0,0,0,1,0,0,1,0,0,0,0,1,0,1,0
True,67,84,84,0,0,0,1,0,0,0,0,0,0,1,1,0,0,1
False,88,77,77,0,0,0,1,0,0,0,0,0,1,0,0,1,0,1
False,57,48,51,0,1,0,0,0,0,0,1,0,0,0,0,1,0,1
True,79,84,91,0,0,0,1,0,0,0,0,0,1,0,0,1,1,0
True,67,75,72,0,0,1,0,0,0,1,0,0,0,0,1,0,0,1
False,70,64,70,0,0,0,0,1,0,1,0,0,0,0,0,1,1,0
False,50,42,48,0,0,0,1,0,0,1,0,0,0,0,1,0,0,1
True,69,84,82,1,0,0,0,0,0,0,0,0,1,0,0,1,0,1
True,52,61,66,0,0,1,0,0,0,1,0,0,0,0,0,1,1,0
True,47,62,66,0,0,1,0,0,0,1,0,0,0,0,1,0,1,0
True,46,61,55,0,1,0,0,0,1,0,0,0,0,0,1,0,0,1
True,68,70,66,0,0,0,0,1,0,0,0,0,1,0,0,1,0,1
False,100,100,100,0,0,0,0,1,0,1,0,0,0,0,0,1,1,0
True,44,61,52,0,0,1,0,0,0,0,1,0,0,0,0,1,0,1
True,57,77,80,0,0,1,0,0,1,0,0,0,0,0,0,1,1,0
False,91,96,91,0,1,0,0,0,0,0,0,0,1,0,0,1,1,0
False,69,70,67,0,0,0,1,0,0,0,1,0,0,0,1,0,0,1
True,35,53,46,0,0,1,0,0,0,0,1,0,0,0,1,0,0,1
False,72,66,66,0,0,0,1,0,0,0,1,0,0,0,0,1,0,1
True,54,65,65,0,1,0,0,0,1,0,0,0,0,0,1,0,0,1
False,74,70,69,0,0,0,1,0,0,0,1,0,0,0,1,0,0,1
False,74,64,60,0,0,0,0,1,0,0,0,0,0,1,0,1,1,0
False,64,56,52,0,0,0,0,1,1,0,0,0,0,0,1,0,0,1
True,65,61,71,0,0,0,1,0,0,0,1,0,0,0,1,0,1,0
False,46,43,44,0,0,0,0,1,1,0,0,0,0,0,1,0,1,0
True,48,56,51,0,0,1,0,0,0,0,0,0,0,1,1,0,0,1
False,67,74,70,0,0,1,0,0,0,0,0,0,1,0,1,0,1,0
False,62,57,62,0,0,0,1,0,0,0,0,0,1,0,1,0,0,1
False,61,71,73,0,0,0,1,0,1,0,0,0,0,0,1,0,1,0
False,70,75,74,0,0,1,0,0,0,1,0,0,0,0,1,0,1,0
False,98,87,90,0,0,1,0,0,1,0,0,0,0,0,0,1,1,0
False,70,63,58,0,0,0,1,0,0,0,0,0,1,0,1,0,0,1
False,67,57,53,1,0,0,0,0,1,0,0,0,0,0,0,1,0,1
True,57,58,57,0,0,0,0,1,0,0,1,0,0,0,1,0,0,1
False,85,81,85,0,0,0,1,0,0,0,0,0,1,0,0,1,1,0
False,77,68,69,0,0,0,1,0,0,0,0,0,0,1,0,1,1,0
False,72,66,72,0,0,1,0,0,0,0,0,1,0,0,1,0,1,0
True,78,91,96,0,0,0,1,0,0,0,0,1,0,0,0,1,0,1
False,81,66,64,0,0,1,0,0,0,0,1,0,0,0,0,1,0,1
False,61,62,61,1,0,0,0,0,0,0,0,0,0,1,1,0,1,0
True,58,68,61,0,1,0,0,0,0,0,1,0,0,0,0,1,0,1
True,54,61,58,0,0,1,0,0,1,0,0,0,0,0,0,1,0,1
False,82,82,80,0,1,0,0,0,0,0,1,0,0,0,0,1,0,1
True,49,58,60,0,0,0,1,0,0,0,0,0,1,0,1,0,0,1
False,49,50,52,0,1,0,0,0,0,0,0,0,0,1,1,0,1,0
True,57,75,73,0,0,0,0,1,0,0,1,0,0,0,1,0,1,0
False,94,73,71,0,0,0,0,1,0,0,1,0,0,0,0,1,0,1
True,75,77,83,0,0,0,1,0,0,0,0,0,1,0,0,1,1,0
True,74,74,72,0,0,0,0,1,0,0,0,0,0,1,1,0,0,1
False,58,52,54,0,0,1,0,0,0,0,1,0,0,0,0,1,1,0
True,62,69,69,0,0,1,0,0,0,0,0,0,1,0,0,1,0,1
False,72,57,62,0,0,0,0,1,1,0,0,0,0,0,0,1,0,1
False,84,87,81,0,0,1,0,0,0,0,0,0,1,0,0,1,0,1
True,92,100,100,0,0,0,1,0,0,0,0,1,0,0,0,1,0,1
True,45,63,59,0,0,0,1,0,0,0,1,0,0,0,0,1,0,1
False,75,81,71,0,0,1,0,0,0,0,1,0,0,0,0,1,0,1
True,56,58,64,1,0,0,0,0,0,0,0,0,1,0,0,1,0,1
True,48,54,53,0,0,0,1,0,0,0,0,0,0,1,1,0,0,1
True,100,100,100,0,0,0,0,1,1,0,0,0,0,0,0,1,0,1
True,65,76,75,0,0,1,0,0,0,0,0,0,0,1,1,0,1,0
False,72,57,58,0,0,0,1,0,0,0,0,0,1,0,0,1,0,1
True,62,70,72,0,0,0,1,0,0,0,0,0,1,0,0,1,0,1
False,66,68,64,1,0,0,0,0,0,0,0,0,0,1,0,1,1,0
False,63,63,60,0,0,1,0,0,0,0,0,0,1,0,0,1,0,1
True,68,76,67,0,0,0,0,1,1,0,0,0,0,0,0,1,0,1
True,75,84,80,0,1,0,0,0,0,1,0,0,0,0,0,1,0,1
True,89,100,100,0,0,0,1,0,0,1,0,0,0,0,0,1,0,1
False,78,72,69,0,0,1,0,0,0,0,0,0,0,1,0,1,1,0
True,53,50,60,1,0,0,0,0,0,0,1,0,0,0,1,0,1,0
True,49,65,61,0,0,0,1,0,0,0,0,0,1,0,1,0,0,1
True,54,63,67,1,0,0,0,0,0,0,0,0,1,0,0,1,0,1
True,64,82,77,0,0,1,0,0,0,0,0,0,1,0,0,1,1,0
False,60,62,60,0,1,0,0,0,0,0,0,0,1,0,1,0,1,0
False,62,65,58,0,0,1,0,0,1,0,0,0,0,0,0,1,0,1
False,55,41,48,0,0,0,1,0,0,0,1,0,0,0,0,1,1,0
True,91,95,94,0,0,1,0,0,1,0,0,0,0,0,0,1,0,1
True,8,24,23,0,1,0,0,0,0,0,1,0,0,0,1,0,0,1
False,81,78,78,0,0,0,1,0,0,0,0,0,0,1,0,1,0,1
False,79,85,86,0,1,0,0,0,0,0,0,0,0,1,0,1,1,0
True,78,87,91,1,0,0,0,0,0,0,0,0,1,0,0,1,1,0
True,74,75,82,0,0,1,0,0,0,0,0,0,0,1,0,1,0,1
False,57,51,54,1,0,0,0,0,0,0,1,0,0,0,0,1,0,1
True,40,59,51,0,0,1,0,0,1,0,0,0,0,0,0,1,0,1
False,81,75,76,0,0,0,0,1,0,0,0,0,0,1,0,1,1,0
True,44,45,45,1,0,0,0,0,0,0,0,0,0,1,1,0,0,1
True,67,86,83,0,0,0,1,0,0,0,0,0,1,0,1,0,1,0
False,86,81,75,0,0,0,0,1,0,0,1,0,0,0,1,0,1,0
True,65,82,78,0,1,0,0,0,0,0,0,0,0,1,0,1,1,0
True,55,76,76,0,0,0,1,0,1,0,0,0,0,0,1,0,0,1
True,62,72,74,0,0,0,1,0,0,1,0,0,0,0,1,0,0,1
False,63,63,62,1,0,0,0,0,0,0,1,0,0,0,0,1,0,1
True,88,99,95,0,0,0,0,1,0,0,0,1,0,0,0,1,1,0
False,62,55,55,0,0,1,0,0,0,0,1,0,0,0,1,0,0,1
True,59,71,65,0,0,1,0,0,0,0,1,0,0,0,1,0,1,0
True,68,78,77,0,0,0,1,0,0,0,0,0,1,0,0,1,1,0
True,77,86,86,0,0,0,1,0,0,0,0,0,1,0,1,0,0,1
